<?xml version="1.0" encoding="UTF-8"?>
<!DOCTYPE tiles-definitions PUBLIC "-//Apache Software Foundation//DTD Tiles Configuration 2.0//EN" "http://tiles.apache.org/dtds/tiles-config_2_0.dtd">

<tiles-definitions>
	<definition name="basic" template="/WEB-INF/views/template/admin/mainLayout.jsp">
		<put-attribute name="title" value="관리자 페이지" />
		<put-attribute name="header" value="/WEB-INF/views/template/admin/header.jsp" />
		<put-attribute name="sub" value="/WEB-INF/views/template/admin/sub.jsp" />
		<put-attribute name="left" value="/WEB-INF/views/template/admin/left.jsp" />		
	</definition>
	<definition name="adContent" template="/WEB-INF/views/template/admin/contentLayout.jsp">
		<put-attribute name="title" value="관리자 페이지" />
		<put-attribute name="header" value="/WEB-INF/views/template/admin/header.jsp" />
		<put-attribute name="left" value="/WEB-INF/views/template/admin/left.jsp" />		
 		<put-attribute name="main" value="" />
	</definition>

	<definition name="/admin/board/*" extends="adContent">
		<put-attribute name="main" value="/WEB-INF/views/admin/board/{1}.jsp" />
	</definition>
	<definition name="/admin/notice/**" extends="adContent">
		<put-attribute name="main" value="/WEB-INF/views/admin/board/{1}.jsp" />
	</definition>
	<definition name="/admin/comp/**" extends="adContent">
		<put-attribute name="main" value="/WEB-INF/views/admin/comp/{1}.jsp" />
	</definition>
	<definition name="/admin/space/**" extends="adContent">
		<put-attribute name="main" value="/WEB-INF/views/admin/space/{1}.jsp" />
	</definition>
	<definition name="/admin/mem/**" extends="adContent">
		<put-attribute name="main" value="/WEB-INF/views/admin/mem/{1}.jsp" />
	</definition>
	<definition name="/admin/reserv/**" extends="adContent">
		<put-attribute name="main" value="/WEB-INF/views/admin/reserv/{1}.jsp" />
	</definition>
	<definition name="/admin/graph/**" extends="adContent">
		<put-attribute name="main" value="/WEB-INF/views/admin/graph/{1}.jsp" />
	</definition>
</tiles-definitions>
