<?xml version="1.0" encoding="UTF-8"?>
<!DOCTYPE tiles-definitions PUBLIC "-//Apache Software Foundation//DTD Tiles Configuration 2.0//EN" "http://tiles.apache.org/dtds/tiles-config_2_0.dtd">

<tiles-definitions>
	<definition name="intro" template="/WEB-INF/views/template/client/mainLayout.jsp">
		<put-attribute name="title" value="MRSPACE : COWORKING" />
		<put-attribute name="header" value="/WEB-INF/views/template/client/header.jsp" />
		<put-attribute name="footer" value="/WEB-INF/views/template/client/footer.jsp" />		
	</definition>
	
	<definition name="content" template="/WEB-INF/views/template/client/contentLayout.jsp">
		<put-attribute name="title" value="MRSPACE : COWORKING" />
		<put-attribute name="header" value="/WEB-INF/views/template/client/header.jsp" />
 		<put-attribute name="body" value="" />
		<put-attribute name="footer" value="/WEB-INF/views/template/client/footer.jsp" />		
	</definition>
	<!-- 검색/상세페이지 -->
	<definition name="common/*" extends="content">
		<put-attribute name="title" value="MRSPACE : COWORKING" />
 		<put-attribute name="body" value="/WEB-INF/views/common/{1}.jsp" />
	</definition> 
	<!-- 공간 -->
	<definition name="space/*" extends="content">
		<put-attribute name="title" value="MRSPACE : COWORKING" />
 		<put-attribute name="body" value="/WEB-INF/views/space/{1}.jsp" />
	</definition> 
	<!-- 회원 -->
	<definition name="mem/*" extends="content">
		<put-attribute name="title" value="MRSPACE : COWORKING" />
 		<put-attribute name="body" value="/WEB-INF/views/mem/{1}.jsp" />
	</definition> 
	<!-- 업체 -->
	<definition name="comp/*" extends="content">
		<put-attribute name="title" value="MRSPACE : COWORKING" />
 		<put-attribute name="body" value="/WEB-INF/views/comp/{1}.jsp" />
	</definition>
	<!-- 예약 -->
	<definition name="reserv/*" extends="content">
		<put-attribute name="title" value="MRSPACE : 예약" />
 		<put-attribute name="body" value="/WEB-INF/views/reserv/{1}.jsp" />
	</definition> 
	<!-- 문의 -->
	<definition name="qna/*" extends="content">
		<put-attribute name="title" value="MRSPACE : 문의" />
 		<put-attribute name="body" value="/WEB-INF/views/qna/{1}.jsp" />
	</definition>
	<!--  -->
	<definition name="rep/*" extends="content">
 		<put-attribute name="body" value="/WEB-INF/views/qna/reply.jsp" />
	</definition>
	
	
	
</tiles-definitions>
