<?xml version="1.0" encoding="UTF-8"?>
<!DOCTYPE mapper PUBLIC "-//mybatis.org//DTD Mapper 3.0//EN" "http://mybatis.org/dtd/mybatis-3-mapper.dtd">
<mapper namespace="com.space.admin.dao.AdminCompDAO">

	<!-- 신규 리스트 조회 -->
	<select id="cpNewList" resultType="comp">
	<![CDATA[
	select cp_num, cp_name, cp_id, cp_date
		from tb_company
	where cp_date >=trunc(sysdate)
	]]>
	</select>
	<!-- 메인 리스트 조회 -->
	<select id="cpMainList" resultType="comp">
	<![CDATA[
	select cp_num, cp_name, cp_id, cp_joinstate, cp_date, cp_outdate
		from tb_company
	where rownum <=5
	order by cp_num desc
	]]>
	</select>
	<!-- 업체 기본 조회 -->
	<select id="compList" resultType="comp">
		select cp_num, cp_name, cp_id, cp_joinstate, cp_date, cp_outdate
		from tb_company
		order by cp_num desc
	</select>
	<!-- 업체 수 조회 -->
	<select id="compCount" resultType="int">
	<![CDATA[
		select 
			count(*)
		from
			tb_company
		where cp_num >= 0
		]]>
	</select>
	<!-- 업체 상세보기 -->
	<select id="compDetail" resultType="comp">
		select cp_num, cp_name, cp_id, cp_bnum, cp_ceo, cp_add, cp_phone, cp_email, cp_bank, cp_account
		from tb_company
		where cp_num = #{cp_Num}
	</select>
	<!-- 업체 가입 승인 -->
	<update id="compOk">
		update tb_company
		 set cp_joinstate = 1
		 where cp_num = #{cp_Num}
	</update>
	<!-- 업체 공지 메일 보내기 -->
	<select id="cpMail" resultType="hashMap">
		select cp_id, cp_email from tb_company
	</select>
</mapper>