<?xml version="1.0" encoding="UTF-8"?>
<!DOCTYPE mapper PUBLIC "-//mybatis.org//DTD Mapper 3.0//EN" "http://mybatis.org/dtd/mybatis-3-mapper.dtd">
<mapper namespace="com.space.admin.dao.AdminMemDAO">
	<!-- 회원 기본 조회 -->
	<select id="memList" resultType="mem">
		select m.mem_num, m.mem_id, m.mem_name, m.mem_date, lh.lastsuccessedlogin, m.mem_state
		from tb_mem m, tb_login_history lh
		where m.mem_id = lh.mem_id(+)
		order by mem_date desc
	</select>
	<!-- 회원 수 조회 -->
	<select id="memCount" resultType="int">
	<![CDATA[
		select 
			count(*)
		from
			tb_mem
		where mem_num > 0
		]]>
	</select>
	
	 <!-- 멤버 상세 -->
   <select id="memDetail" parameterType="mem" resultType="mem">
      select m.* , h.lastsuccessedlogin
      from tb_mem m , tb_login_history h
      where m.mem_id = h.mem_id(+) and m.mem_id = #{mem_Id}
   </select>
   <!-- 회원 예약 내용 -->
   <select id="memReserv" resultType="reserv">
   	select r.res_num, to_char(r.res_usedate,'yyyy-mm') resUseDate, r.res_amount, r.res_state, r.mem_id, s.sp_name
   	from tb_reserv r, tb_space s
   	where r.mem_id=#{mem_id} and r.sp_num = s.sp_num
   	order by resusedate desc
   </select>
</mapper>
