<?xml version="1.0" encoding="UTF-8"?>
<!DOCTYPE mapper PUBLIC "-//mybatis.org//DTD Mapper 3.0//EN" "http://mybatis.org/dtd/mybatis-3-mapper.dtd">
<mapper namespace="com.space.admin.dao.AdminQnaDAO">
	
	<!-- 신규 리스트 조회 -->
	<select id="qnaNewList" resultType="qna">
	<![CDATA[
	select qna_num, qna_title, qna_name, qna_date
		from tb_qna
	where qna_date >=trunc(sysdate)
	]]>
	</select>
	
	<!-- 문의게시판 메인 -->
	<select id="qnaMainList" resultType="rep">
	<![CDATA[
	select q.qna_num, q.qna_title, nvl(r.rep_num,0) rep_num, q.qna_name, q.qna_date
	from tb_qna q, tb_qnarep r
	where q.qna_num=r.qna_num(+) and r.rep_num is null
	]]>
	</select>
	<!-- 관리자 문의게시판 불러오기 -->
	<select id="adQnaList" resultType="rep" parameterType="rep">
	<![CDATA[
		select q.qna_num, q.qna_title, nvl(r.rep_num,0) rep_num, q.qna_name, q.qna_date  
		from(select rownum rn, qna_num, qna_title, qna_name, qna_date from tb_qna 
		where rownum <= #{pageNum} * #{amount}
		order by qna_num desc) q, tb_qnarep r
		where q.qna_num=r.qna_num(+) and rn > (#{pageNum} -1) * #{amount}
	]]>
	</select>
	<!-- 페이징 위한 목록 수 조회 -->
	<select id="qnaCnt" resultType="int">
	<![CDATA[
		select 
			count(*)
		from
			tb_qna
		where qna_num > 0
	]]>
	</select>
	<!-- 문의 상세보기, 댓글 불러오기 -->
	<select id="getRep" parameterType="int" resultType="rep">
		select rep_num, rep_date, rep_content
		from tb_qnarep
		where qna_num = #{qna_Num}
	</select>
	<select id="getQna" parameterType="int" resultType="qna">
		select qna_num, qna_title, qna_name, qna_date, qna_content, qna_date
		from tb_qna
		where qna_num = #{qna_Num}
	</select>
	<!-- 댓글 등록하기 -->
	<insert id="repInsert" parameterType="rep">
	<selectKey keyProperty="rep_num" resultType="int" order="BEFORE">
			select tb_qnarep_seq.nextval from dual
	</selectKey>
		insert into tb_qnarep(
			rep_num, rep_content, qna_num
		)
		values(
			#{rep_num}, #{rep_content}, #{qna_Num}
		)
	</insert>
	<!-- 댓글 수정 -->
	<update id="repUpdate" parameterType="rep">
		update tb_qnarep
			set rep_content =#{rep_content}
			where rep_num = #{rep_num}
	</update>
</mapper>