<?xml version="1.0" encoding="UTF-8"?>
<!DOCTYPE mapper PUBLIC "-//mybatis.org//DTD Mapper 3.0//EN" "http://mybatis.org/dtd/mybatis-3-mapper.dtd">

<mapper namespace="com.space.space.dao.CommonDAO">
	<!-- 메인 공간 조회 추천 리스트(예약 많은순) -->
	<select id="mainlayoutList" resultType="space">
	<!-- 	select sp_num, sp_file, sp_name, sp_address, sp_price

		from tb_space
		
		<![CDATA[ where rownum < 7 ]]>

		order by sp_num DESC -->
		
		select sp_num, sp_file, sp_name, sp_address,
		sp_price

		from

		( select list.*, rownum as rnum

		from (

		select s.sp_num,
		s.sp_file, s.sp_name, s.sp_address, s.sp_price

		from tb_space s

	
		<![CDATA[ , (select sp_num, count(*) c 
				from tb_reserv group by sp_num order by c DESC) r
				where s.sp_num = r.sp_num 
				and rownum < 7 ]]>
		) list
		)
		
		
	</select>



	<sql id="searchcommon">
		<if test="search == 1">
			order by sp_num DESC
		</if>

		<if test="search == 2">
		
		<![CDATA[ , (select sp_num, count(*) c 
				from tb_reserv group by sp_num order by c DESC) r
				where s.sp_num = r.sp_num ]]>
		</if>

		<if test="search == 3">
				<![CDATA[ ORDER BY sp_price ASC  ]]>
		</if>

		<if test="search == 4">
				<![CDATA[ ORDER BY sp_price DESC  ]]>
		</if>


	</sql>

	<!-- 게시물 전체 조회 (메인페이지 검색 쿼리) -->
	<select id="commonList" resultType="space"
		parameterType="com.space.space.vo.SpaceVO">
		/* Space - spaceList */
		select sp_num, sp_file, sp_name, sp_address,
		sp_price

		from

		( select list.*, rownum as rnum from 
			(
			select s.sp_num,
			s.sp_file, s.sp_name, s.sp_address, s.sp_price

			from tb_space s

			<if test="keyword != null and keyword != ''">
			where sp_name like '%' || #{keyword} || '%'
	
			</if>
		<include refid="searchcommon"></include>
			) list
		)
	</select>


	<!-- 게시물 총 개수 -->
	<select id="commonListCnt" parameterType="common"
		resultType="int">
		<!-- Space - SpaceListCnt -->
		select nvl(count(1), 0) from
		( select list.*, rownum as rnum
		from(
		select * from tb_space
		<where>
			<if test="keyword != null and keyword != ''">
				sp_name like '%' || #{keyword} || '%'
			</if>
		</where>
		) list
		)

	</select>

	<!-- 상세 페이지를 위한 게시물 조회 -->
	<select id="commonDetail" parameterType="int"
		resultType="common">
		/* Board - spaceDetail */
		SELECT
		s.sp_num, s.sp_type,
		s.sp_stock, s.sp_name, s.sp_price, s.sp_address, s.sp_Y,
		s.sp_X,
		s.sp_exposition, s.sp_file, s.sp_service, s.sp_traffic, c.cp_phone,
		c.cp_num, c.cp_name, c.cp_ceo, c.cp_account, c.cp_add 
		FROM
		tb_space s, tb_company c
		WHERE s.cp_num = c.cp_num and
		s.sp_num =
		#{sp_Num}
	</select>


	<select id="dtcommonList" resultType="space" parameterType="int">
		/* Space - dtcommonList */
		select *
		from
		( select list.*, rownum as rnum
		from (
		select s.sp_num, s.sp_file, s.sp_name, s.sp_address, s.sp_Y,
		s.sp_X, s.sp_price, c.cp_phone, s.cp_num
		from tb_space s, tb_company c

		<where>
			s.cp_num = c.cp_num and
			
			<![CDATA[ rownum < 4 ]]>

			and s.cp_num = #{cp_Num} and not s.sp_Num = #{sp_Num}


		</where>

		order by c.cp_num desc
		) list
		)
		<where>
			<if test="start_row != null and start_row != ''">
				<if test="end_row != null and end_row != ''">
					rnum between #{start_row} and #{end_row}
				</if>
			</if>
		</where>
	</select>

	<select id="cpnum" resultType="int" parameterType="space">
		select cp_Num
		from tb_space
		where sp_num = #{sp_Num}
	</select>


</mapper>
