<?xml version="1.0" encoding="UTF-8"?>
<!DOCTYPE mapper PUBLIC "-//mybatis.org//DTD Mapper 3.0//EN" "http://mybatis.org/dtd/mybatis-3-mapper.dtd">
<mapper namespace="com.space.complogin.dao.CompLoginDAO">

	<select id="cp_IdSelect" parameterType="complogin" resultType="complogin">
		select
		cp_Id,
		cp_Pw,
		cp_Name,
		cp_Num
		from tb_company
		where cp_Id = #{cp_Id}
	</select>
	
	
	<select id="compLoginSelect" parameterType="complogin" resultType="complogin">
		/* 로그인   처리 쿼리 */
		select
		cp_Id,
		cp_Pw,
		cp_Name,
		cp_Num
		from tb_company
		where cp_Id =
		#{cp_Id} and cp_Pw = #{cp_Pw} and cp_joinstate = 1
	</select>
	
	<select id="compLoginSelect2" parameterType="complogin" resultType="complogin">
		/* 로그인처리 쿼리2 */
		select
		cp_Id,
		cp_Name
		from tb_company
		where cp_Id = #{cp_Id} and cp_state = 0
	</select>
	
	<insert id="compLoginHistoryInsert" parameterType="complogin">
		insert into
		tb_compLogin_history(
		idx, cp_Id, lastSuccessedLogin)
		values(
		tb_compLogin_history_seq.nextval, #{cp_Id},
		sysdate
		)
	</insert>
	
	<update id="compLoginHistoryUpdate" parameterType="complogin">
		update
		tb_compLogin_history
		set lastsuccessedlogin = sysdate
		where
		idx = #{idx} and cp_Id = #{cp_Id}
	</update>

	
	<select id="compLoginHistorySelect" parameterType="String"
		resultType="complogin">
		select
		idx,
		cp_Id,
		lastSuccessedLogin
		from tb_compLogin_history
		where cp_Id = #{cp_Id}
	</select>
	
	<select id="comp2" resultType="comp">
		select * 
		from tb_company
		where cp_id = #{cp_Id}
	</select>
</mapper>
