<?xml version="1.0" encoding="UTF-8"?>
<!DOCTYPE mapper PUBLIC "-//mybatis.org//DTD Mapper 3.0//EN" "http://mybatis.org/dtd/mybatis-3-mapper.dtd">
<mapper namespace="com.space.mem.dao.MemDAO">

	<select id="memSelect" parameterType="String" resultType="mem">
		select
		mem_num, mem_id, mem_pw, mem_name, mem_birth, mem_phone, mem_email,
		mem_job, mem_state
		from tb_mem
		where mem_id = #{mem_Id}
	</select>

	<update id="securityUpdate" parameterType="security">
		update tb_security
		set mem_Id = #{mem_Id},
		salt = #{salt}
		where mem_ID = #{mem_Id}
	</update>

	<insert id="memInsert" parameterType="mem">
		/* mem - memInsert */
		<selectKey keyProperty="idx" resultType="int" order="BEFORE">
			select
			tb_mem_seq.nextval from dual
		</selectKey>
		insert into tb_mem(mem_num, mem_id, mem_pw, mem_name, mem_birth,
		mem_phone, mem_email, mem_job)
		values(#{idx}, #{mem_Id}, #{mem_Pw},
		#{mem_Name}, #{mem_Birth}, #{mem_Phone}, #{mem_Email}, #{mem_Job})
	</insert>


	<update parameterType="mem" id="memUpdate">
		update tb_mem set
		<if test="mem_Pw != null and mem_Pw != ''">mem_pw=#{mem_Pw}, </if>
		mem_phone=#{mem_Phone}, mem_email=#{mem_Email}, mem_job=#{mem_Job}
		where mem_Id=#{mem_Id}
	</update>

	<delete id="memDelete" parameterType="String">
		update tb_mem set
		mem_state = 1
		where mem_id = #{mem_Id}
	</delete>

	<insert parameterType="security" id="securityInsert">insert into
		tb_security(mem_id, salt) values(#{mem_Id}, #{salt})
	</insert>

	<select resultType="security" parameterType="String"
		id="securitySelect">select mem_id, salt from tb_security where mem_id = #{mem_Id}
	</select>

	<delete parameterType="String" id="securityDelete">delete from security where
		mem_id = #{mem_Id}
	</delete>


	<select id="findMember" parameterType="String" resultType="mem">
		select mem_id
		from tb_mem
		where mem_name = #{mem_Name} and mem_Phone =
		#{mem_Phone}
	</select>

	<select id="pwChange" parameterType="String" resultType="mem">
		select
		mem_id
		from tb_mem
		where mem_id=#{mem_Id} and mem_name = #{mem_Name} and
		mem_Phone =
		#{mem_Phone}
	</select>

	<update id="pwChange2" parameterType="mem">
		update tb_mem
		set mem_Pw =
		#{mem_Pw}
		where mem_Id = #{mem_Id}
	</update>

	<!-- 예약 목록 기본 조회 -->
	<select id="reservList" resultType="reserv" parameterType="mem">
		select *
		from tb_reserv
		where mem_id = #{mem_Id}
		order by res_date
	</select>

	<!-- 예약목록 stateupdate -->
	<update id="updateState">
	<![CDATA[
		update tb_reserv 
		set res_state = 
		(case
                when res_state = 1 then 1
                
                when res_state = 2 then 2
                
                when res_state = 3 and to_char(res_usedate,'yyyymm') < to_char(sysdate,'yyyymm') then 4
	                
                when res_state = 4 then 4
                
                when res_state = 5 and to_char(res_usedate,'yyyymm') = to_char(sysdate,'yyyymm') then 3
                
                when res_state = 5 and to_char(res_usedate,'yyyymm') > to_char(sysdate,'yyyymm') then 5
                
                when res_state = 3 and to_char(res_usedate,'yyyymm') = to_char(sysdate,'yyyymm') then 3
                
                when res_state = -1 then -1
                
                when res_state = -2 then -2
                
        end)
		]]>
	</update>

	<!-- 찜목록 -->
	<select id="likeList" resultType="reserv" parameterType="mem">
		select
		s.sp_num, s.sp_name, s.sp_address, s.sp_type, l.like_amount,
		l.like_date
		from tb_like l, tb_space s
		where mem_id = #{mem_Id} and
		l.sp_num = s.sp_num
	</select>

	<!-- 찜목록 삭제 -->
	<delete id="likeDelete" parameterType="int">
		delete
		from tb_like
		where sp_Num = #{sp_Num}
	</delete>

	<update id="reservAgree" parameterType="reserv">
		update tb_reserv
		set res_State = 5
		where mem_Id = #{mem_Id} and res_Num = #{res_Num}
	</update>
	

	<update id="reservRefuse" parameterType="reserv">
		update tb_reserv
		set res_State = -2
		where mem_Id = #{mem_Id} and res_Num = #{res_Num}
	</update>
	

</mapper>