<?xml version="1.0" encoding="UTF-8"?>
<!DOCTYPE mapper PUBLIC "-//mybatis.org//DTD Mapper 3.0//EN" "http://mybatis.org/dtd/mybatis-3-mapper.dtd">
<mapper namespace="com.space.admin.dao.NoticeDaoImpl">
	<!-- 메인 리스트 조회 -->
	<select id="ntMainList" resultType="notice">
	<![CDATA[
	select nt_num, nt_title, nt_date, nt_views
	from tb_notice
	where rownum <=3
	order by nt_num desc
	]]>
	</select>
	
	<!-- 리스트 조회 -->
	<select id="noticeList" parameterType="notice" resultType="notice">
		<![CDATA[
	select nt_num, nt_title, nt_date, nt_views
	from
		(select 
		rownum rn, nt_num, nt_title, nt_date, nt_views 
		from
		tb_notice
		where	
		rownum <= #{pageNum} * #{amount}
		order by nt_num desc
		)
	where rn > (#{pageNum} -1) * #{amount}
	
]]>
	</select>
	<!-- 페이징 위한 목록 수 조회 -->
	<select id="noticeListCnt" resultType="int">
	<![CDATA[
		select 
			count(*)
		from
			tb_notice
		where nt_num > 0
	]]>
	</select>
	
	<!-- 상세페이지 조회 -->
	<select id="noticeDetail" parameterType="int" resultType="notice">
		select
			nt_num, nt_title, nt_content, nt_file
			from tb_notice
			where nt_num = #{nt_num}
	</select>
	
	<!-- 공지사항 등록 -->
	<insert id="noticeInsert" parameterType="notice">
		<selectKey keyProperty="nt_num" resultType="int" order="BEFORE">
			select tb_notice_seq.nextval from dual
		</selectKey>
		insert into tb_notice(

			nt_num, nt_title, nt_content, ad_num <if test="nt_file != null and nt_file != ''">, nt_file</if>

		)
		values(

			#{nt_num}, #{nt_title}, #{nt_content}, #{ad_num}<if test="nt_file != null and nt_file != ''">, #{nt_file}</if>

		)
	</insert>
	
	<!-- 공지 수정 -->
	<update id="noticeUpdate" parameterType="notice">
		update tb_notice
			set nt_title = #{nt_title},
				nt_content = #{nt_content}
				<if test="nt_file != null and nt_file != ''">, nt_file = #{nt_file}</if>
			where nt_num = #{nt_num}
	</update>
	<!-- 공지 삭제 -->
	<delete id="noticeDelete" parameterType="notice">
		delete from tb_notice where nt_num = #{nt_num}
	</delete>

</mapper>