<?xml version="1.0" encoding="UTF-8"?>
<!DOCTYPE mapper PUBLIC "-//mybatis.org//DTD Mapper 3.0//EN" "http://mybatis.org/dtd/mybatis-3-mapper.dtd">

<mapper namespace="com.space.qna.dao.QnaDAO">

	<sql id="qnaSpace">
		SELECT qna_Num, qna_Name, qna_Title, qna_Date 
		FROM tb_qna 
		<where>
			<if test="search=='qna_Title'">
				<![CDATA[ qna_Title LIKE '%'|| #{keyword} ||'%' ]]>					
			</if>
			<if test="search=='qna_Content'">
				<![CDATA[ qna_Content LIKE '%'|| #{keyword} ||'%' ]]>					
			</if>
			<if test="search=='qna_Name'">
				<![CDATA[ qna_Name LIKE '%'|| #{keyword} ||'%' ]]>					
			</if>
			<if test="search=='qna_Date'">
				<![CDATA[ to_char(qna_Date,'YYYY-MM-DD') between #{start_date} and #{end_date}  ]]>					
			</if>
		</where>
	</sql>
	
	<sql id="qnaSpace2">
		SELECT qna_Num, qna_Name, qna_Title, qna_Date  
		FROM tb_qna2 
		<where>
			<if test="search=='qna_Title'">
				<![CDATA[ qna_Title LIKE '%'|| #{keyword} ||'%' ]]>					
			</if>
			<if test="search=='qna_Content'">
				<![CDATA[ qna_Content LIKE '%'|| #{keyword} ||'%' ]]>					
			</if>
			<if test="search=='qna_Name'">
				<![CDATA[ qna_Name LIKE '%'|| #{keyword} ||'%' ]]>					
			</if>
			<if test="search=='qna_Date'">
				<![CDATA[ to_char(qna_Date,'YYYY-MM-DD') between #{start_date} and #{end_date}  ]]>					
			</if>
		</where>
	</sql>
	
	<!-- 게시물 전체 조회 --> 
	<select id="qnaList" parameterType="qna" resultType="qna"> 
		/* qna - qnaList */ 
		SELECT qna_Num, qna_Name, qna_Title,
			TO_CHAR(qna_Date,'YYYY-MM-DD HH24:MI:SS') AS qna_Date   
		FROM  
		(  SELECT list.*, ROWNUM AS RNUM  
			FROM ( 
				<include refid="qnaSpace"></include>
				<choose> 
					<when test="order_by=='qna_Num'"> 
						ORDER BY qna_Num  
					</when> 
					<when test="order_by=='qna_Date'"> 
						ORDER BY qna_Date    
					</when> 
				</choose>
				<choose> 
					<when test="order_sc=='ASC'"> 
						ASC 
					</when> 
					<when test="order_sc=='DESC'"> 
						DESC 
					</when> 
				</choose> 
			) list 
		) 
		
		<where>
			<if test="start_row != null and start_row != ''">
				<if test="end_row != null and end_row != ''">
					RNUM BETWEEN #{start_row} AND #{end_row}  
				</if>
			</if>
		</where>
		
	</select>
	
	<!-- 게시물 전체 조회 (자주 묻는 질문) --> 
	<select id="qnaList2" parameterType="qna" resultType="qna"> 
		/* qna - qnaList */ 
		SELECT qna_Num, qna_Name, qna_Title,  
			TO_CHAR(qna_Date,'YYYY-MM-DD') AS qna_Date   
		FROM  
		(  SELECT list.*, ROWNUM AS RNUM  
			FROM ( 
				<include refid="qnaSpace2"></include>
				<choose> 
					<when test="order_by=='qna_Num'"> 
						ORDER BY qna_Num  
					</when> 
					<when test="order_by=='qna_Date'"> 
						ORDER BY qna_Date    
					</when> 
				</choose>
				<choose> 
					<when test="order_sc=='ASC'"> 
						ASC 
					</when> 
					<when test="order_sc=='DESC'"> 
						DESC 
					</when> 
				</choose> 
			) list 
		) 
		
		<where>
			<if test="start_row != null and start_row != ''">
				<if test="end_row != null and end_row != ''">
					RNUM BETWEEN #{start_row} AND #{end_row} 
				</if>
			</if>
		</where>
		
	</select>
	
	<!-- 글 목록 수 조회 -->
	<select id="qnaListCnt" parameterType="qna" resultType="int">
		/* Qna - qnaListCnt */
		SELECT NVL(count(1), 0) FROM 
		( 	SELECT list.*, ROWNUM AS RNUM 
			FROM (
					<include refid="qnaSpace"></include>
					ORDER BY qna_Num desc
			) list
		)
	</select>
	
	<!-- 글 목록 수 조회 (자주 묻는 질문) -->
	<select id="qnaListCnt2" parameterType="qna" resultType="int">
		/* Qna - qnaListCnt */
		SELECT NVL(count(1), 0) FROM 
		( 	SELECT list.*, ROWNUM AS RNUM 
			FROM (
					<include refid="qnaSpace2"></include>
					ORDER BY qna_Num desc
			) list
		)
	</select>
	
	
	<!-- 상세 페이지를 위한 게시물 조회 -->
	<select id="qnaDetail" parameterType="int" resultType="qna">
		/* Qna - qnaDetail */
		SELECT
			      qna_Num, qna_Name, qna_Title, qna_Content, 
			      TO_CHAR(qna_Date,'YYYY-MM-DD HH24:MI:SS') AS qna_Date
		FROM tb_qna
		WHERE qna_Num = #{qna_Num}
	</select>
	
	<!-- 자주묻는질문 상세 페이지를 위한 게시물 조회 -->
	<select id="qnaDetail2" parameterType="int" resultType="qna">
		/* Qna - qnaDetail2 */
		SELECT
			      qna_Num, qna_Name, qna_Title, qna_Content, 
			      TO_CHAR(qna_Date,'YYYY-MM-DD HH24:MI:SS') AS qna_Date
		FROM tb_qna2
		WHERE qna_Num = #{qna_Num}
	</select>
	
	<!-- 게시물  등록 -->
	<insert id="qnaInsert" parameterType="qna" >
		/* Qna - qnaInsert */
		<selectKey keyProperty="qna_Num" resultType="int" order="BEFORE">
			select tb_qna_seq.nextval from dual
		</selectKey>
			INSERT INTO tb_qna(
					qna_Num, 
					qna_Name, 
					qna_Title, 
					qna_Content, 
					qna_Pw
			)
			VALUES(
					#{qna_Num}
				   ,#{qna_Name}
				   ,#{qna_Title}
				   ,#{qna_Content}
				   ,#{qna_Pw}
			)
	 </insert>
	
	<!-- 해당 번호의 비밀번호 확인 -->
	<select id="pwdConfirm" parameterType="qna" resultType="int">
		/* Qna - pwdConfirm */
		SELECT NVL((
			          SELECT 1 FROM tb_qna
			           WHERE qna_Num = #{qna_Num}
			               AND qna_Pw = #{qna_Pw}
			       ), 0) as state
		FROM dual 
	</select>
		
	<!-- 게시물  수정 -->
	<update id="qnaUpdate" parameterType="qna" >
		/* Qna - qnaUpdate */
		UPDATE tb_qna
			   SET qna_Title = #{qna_Title}
			     , qna_Content = #{qna_Content}
			     , qna_Date = sysdate
			     <if test="qna_Pw != ''">
			     , qna_Pw = #{qna_Pw}
			     </if>
		WHERE qna_Num = #{qna_Num}	
	</update>
	
	<!-- 게시물  삭제 -->
	<delete id="qnaDelete" parameterType="qna" >
		/* Qna - qnaDelete */
		DELETE FROM tb_qna WHERE qna_Num = #{qna_Num}
	</delete>
	
</mapper>
